title,company,location,date_posted,skills
Senior Fullstack Software Engineer,Blotato,ğŸŒ Worldwide,2025-05-10T01:38:55+00:00,"Developer, JavaScript, Typescript"
Crypto Coins & Markets Data Manager,CoinTrackerly,ğŸŒ Worldwide,2025-05-25T00:00:07+00:00,"Full Time, Non Tech"
Languages Instructors,AE Virtual Class,â›© Asia ğŸ”’,2025-05-21T21:44:44+00:00,Other
Lead Product Designer,Stealth,ğŸŒ Worldwide,2025-05-21T00:00:09+00:00,"Design, Figma, Product Design"
Paralegal,EF LAW FIRM,ğŸ’ƒ Latin America,2025-05-19T00:00:05+00:00,Legal
Technical Lead DevOps,Magnet Forensics,ğŸ‡ºğŸ‡¸ United States,2025-05-24T20:00:03+00:00,"SaaS, Embedded, Security"
Senior full stack engineer,Ideal Protein,ğŸŒ Worldwide,2025-05-23T12:48:42+00:00,"Senior, Developer, JavaScript"
Senior Full Stack Developer,Zammad,ğŸ‡ªğŸ‡º Europe,2025-05-24T00:00:05+00:00,"Developer, Full Stack, Full Time"
Full Stack Engineer,MediaLab,Remote U.S.,2025-05-23T20:00:01+00:00,"Design, React, Front-End"
Senior Software Engineer,Contra,ğŸ‡¨ğŸ‡¦ Canada,2025-05-23T14:44:28+00:00,"Engineer, Full Stack, Developer"
Frontend Software Engineer,Bitwise Asset Management,ğŸŒ Worldwide,2025-05-23T14:00:10+00:00,"Front End, Software, Design"
Job 23799 SÃªnior Java Developer Brazil,CI&T,ğŸ‡§ğŸ‡· Brazil,2025-05-23T00:00:06+00:00,"Developer, Design, Front-End"
Back End Developer Winna.com,Winna,ğŸŒ Worldwide,2025-05-16T00:00:04+00:00,"Backend, Engineer, JavaScript"
Software Engineer,Titan,"Bengaluru, Karnataka",2025-05-22T14:00:04+00:00,"Software, Design, Front End"
Software Engineer Backend Fullstack,Sei Labs,ğŸŒ Probably worldwide,2025-05-22T12:00:03+00:00,"Software, Web3, Full-Stack"
Jr Business Analyst,HealthCare,ğŸŒ Worldwide,2025-05-22T08:00:12+00:00,"Analyst, Students, Technical"
Business Development Manager,BIGVERSE,ğŸŒ Worldwide,2025-05-22T00:00:07+00:00,Marketing
Pessoa Advogada Jr Privacidade e ProteÃ§Ã£o de Dados,Neon Pagamentos,Remoto,2025-05-22T00:00:07+00:00,Design
project manager,Prime design and build,ğŸŒ Worldwide,2025-05-21T23:37:25+00:00,"Project Manager, Excel, Design"
Data Analyst,Foodsmart,ğŸ‡ºğŸ‡¸ United States,2025-05-21T00:00:09+00:00,"Analyst, Python, Growth"
Senior Full Stack developer,Ringbook,ğŸŒ Worldwide,2025-05-20T21:53:04+00:00,"Senior, Developer, Full Stack"
TikTok Video Director,Coin Market Cap Ltd,ğŸŒ Probably worldwide,2025-05-20T18:00:02+00:00,"Director, Design, Web3"
Member of Compliance Sanctions,Anchorage Digital,ğŸ‡ºğŸ‡¸ United States,2025-05-20T12:00:04+00:00,"Crypto, Cryptocurrency, System"
Member of Product Marketing Protocols,Anchorage Digital,ğŸ‡ºğŸ‡¸ United States,2025-05-19T11:00:03+00:00,"Crypto, Security, Technical"
Manager Engineering II Data Pipelines,Ironclad,San Francisco,2025-05-17T13:00:04+00:00,"Manager, Design, HR"
Visual Designer,PIP Labs,ğŸ‡ºğŸ‡¸ United States,2025-05-16T22:00:03+00:00,"Design, Web3, Designer"
Marketing Design Intern 2025 Summer Intern,Symmetry Systems,ğŸŒ Worldwide,2025-05-16T11:00:10+00:00,"Design, Security, Technical"
Lifecycle Marketing Associate,Blueland,ğŸŒ Worldwide,2025-05-16T11:00:03+00:00,"Support, Growth, Investment"
Member of Product Trading,Anchorage Digital,ğŸ‡ºğŸ‡¸ United States,2025-05-16T10:00:03+00:00,"Design, Crypto, Cryptocurrency"
Associate Attorney,EnableComp,ğŸŒ Probably worldwide,2025-05-16T00:00:06+00:00,"Training, Support, Growth"
Member Support Unicorn,Interaction Design Foundation,ğŸŒ Worldwide,2025-05-15T11:41:41+00:00,"Admin, Customer Support, Social Media"
Staff Frontend Engineer,Notabene,ğŸŒ Probably worldwide,2025-05-15T10:00:03+00:00,"Front End, Design, Crypto"
Staff Machine Learning Engineer,Warner Music Inc.,ğŸŒ Probably worldwide,2025-05-15T00:00:20+00:00,"Music, Design, System"
Recruiter,Qualdoc,NA,2025-05-15T00:00:09+00:00,"System, Recruiter, Support"
Social Media Expert,Contra,ğŸ‡¨ğŸ‡¦ Canada,2025-05-14T22:23:33+00:00,Social Media
App Designer,Contra,ğŸ‡¨ğŸ‡¦ Canada,2025-05-14T22:22:19+00:00,Designer
Full Stack Software Engineer,Daisychain,ğŸ’ƒ Latin America,2025-05-14T15:01:34+00:00,"Engineer, Developer, JavaScript"
Testing Engineer,Trial Library,"San Francisco, CA",2025-05-14T00:00:07+00:00,"Testing, System, Front End"
Accountant,Find,Sliema,2025-05-13T16:00:31+00:00,"Accountant, Support, Controller"
Commercial Content Editor,Find,ğŸŒ Probably worldwide,2025-05-13T16:00:25+00:00,"Crypto, Cryptocurrency, Financial"
Salesforce Engineer,Oowlish Technology,ğŸŒ Probably worldwide,2025-05-13T08:00:16+00:00,"Salesforce, Software, Growth"
Account Coordinator,Bluelight Consulting,ğŸ‡ºğŸ‡¸ United States,2025-05-13T08:00:10+00:00,"Consulting, Training, Coordinator"
Head of Growth,AVA Foundation,Anywhere,2025-05-13T06:00:04+00:00,"Growth, Design, Web3"
Werkstudent im Bereich SAP & Cloud Automation,Public Cloud Group,Alle,2025-05-12T16:00:04+00:00,"Python, Cloud, Linux"
Senior Golang Engineer,WunderGraph,ğŸŒ Probably worldwide,2025-05-12T10:15:02+00:00,"Golang, GraphQL, Senior"
Software Engineering Team Lead,bloXroute Labs,ğŸŒ Worldwide,2025-05-12T09:00:02+00:00,"Software, Support, Testing"
Guest Support Agent,HostGenius,ğŸ’ƒ Latin America,2025-05-12T00:00:06+00:00,Customer Support
Salesforce Lead,Bounteous,ğŸ‡®ğŸ‡³ India,2025-05-11T16:00:19+00:00,"Salesforce, Design, Security"
Mid Market Sales Account Executive,FiscalNote,ğŸ‡ºğŸ‡¸ United States,2025-05-11T16:00:12+00:00,"Salesforce, Training, Support"
